file,source,rights,use,preparation,bytes,sha256
icons/close.svg,https://raw.githubusercontent.com/lucide-icons/lucide/main/icons/x.svg,Lucide ISC; Feather-derived icon MIT. Full notices in licences/lucide.txt.,Navigation/search/dialog control; paired with a text label.,Downloaded SVG; kept original paths. close.svg renamed from x.svg.,239,115df1387dd800b4ffa79220f40f86b3de84bafa2b2bb807b7cc7aa719d34f11
icons/menu.svg,https://raw.githubusercontent.com/lucide-icons/lucide/main/icons/menu.svg,Lucide ISC; Feather-derived icon MIT. Full notices in licences/lucide.txt.,Navigation/search/dialog control; paired with a text label.,Downloaded SVG; kept original paths. close.svg renamed from x.svg.,257,aee236c41ed80b63c1dc0cd4261c5b582ad075d88d849b16526bea39191ed8db
icons/search.svg,https://raw.githubusercontent.com/lucide-icons/lucide/main/icons/search.svg,Lucide ISC; Feather-derived icon MIT. Full notices in licences/lucide.txt.,Navigation/search/dialog control; paired with a text label.,Downloaded SVG; kept original paths. close.svg renamed from x.svg.,254,0092dee46f6035edf116a76efbdcaa024e14aff9be5f94d885c8b14d37a0333a
images/abba.jpg,https://commons.wikimedia.org/wiki/File:ABBA1974TopPop.jpg,Photo: AVRO; CC BY 3.0; https://creativecommons.org/licenses/by/3.0/,Artist photo on Home / Explore,Downloaded unchanged; displayed at smaller sizes,1496264,762e94bef74a242d0372e82cb336d0a23c19f35577a07e0c0a1d7a58c5011075
images/bob-marley.jpg,https://commons.wikimedia.org/wiki/File:Bob_Marley_1977_press_photo.jpg,Photo: Kim Gottlieb; distributed by Island Records; Public domain; https://commons.wikimedia.org/wiki/Commons:Public_domain,Artist photo on Home / Explore,Downloaded unchanged; displayed at smaller sizes,238902,6b3dd481142fb6960a78e4dadb99198f789b7b82b43e22f5aa1f82ae53085b44
images/david-bowie.png,https://commons.wikimedia.org/wiki/File:David_Bowie_-_TopPop_1974_10.png,Photo: AVRO; CC BY-SA 3.0 NL; https://creativecommons.org/licenses/by-sa/3.0/nl/,Artist photo on Home / Explore,Downloaded unchanged; displayed at smaller sizes,93056,41b0ae653dd032d40883bf6d04e30929341a1263c04d8e54e9d719fe20fb0808
images/donna-summer.jpg,https://commons.wikimedia.org/wiki/File:Nobel_Peace_Price_Concert_2009_Donna_Summer1.jpg,Photo: Harry Wad; CC BY-SA 3.0; https://creativecommons.org/licenses/by-sa/3.0/,Artist photo on Home / Explore,Downloaded unchanged; displayed at smaller sizes,82441,aa6545f7c7a1f3eb9c153894b2e7d518bac9fef7ccf3a2986756c6b4ac1c24ff
images/earth-wind-and-fire.jpg,https://commons.wikimedia.org/wiki/File:Earth_Wind_and_Fire_1970s_press_photo.jpg,Photo: Distributed by Columbia Records; Public domain; https://commons.wikimedia.org/wiki/Commons:Public_domain,Artist photo on Home / Explore,Downloaded unchanged; displayed at smaller sizes,195888,0d6de14f0f6af2466faa741f56dbb529a904f306915374097c0cda867533a82a
images/fleetwood-mac.jpg,https://commons.wikimedia.org/wiki/File:Fleetwood_Mac_(1977).jpg,Photo: Warner Bros. Records; Public domain; https://commons.wikimedia.org/wiki/Commons:Public_domain,Artist photo on Home / Explore,Downloaded unchanged; displayed at smaller sizes,329479,3fee5dc740b6890651accce27a964082126393b6867bbebc6ae57fd845e5e168
images/logo.svg,Original project artwork,Original project artwork,Shared site identity,Editable SVG,473,e2591e4dbc0fe5b85e3e67ea0adfca2839050bf9ec5486f43cde37796e2032dc
images/pop-record.svg,Original project artwork,Original project artwork,Home genre cards / Explore image enlargement,Editable SVG,1247,63fdaef5444f5f8953c80dd1e0e4ba4b76fe2b45a65101471c6c4e67971e031d
images/the-clash.jpg,https://commons.wikimedia.org/wiki/File:Clash_21051980_12_800.jpg,Photo: Helge Øverås; CC BY-SA 4.0; https://creativecommons.org/licenses/by-sa/4.0/,Artist photo on Home / Explore,Downloaded unchanged; displayed at smaller sizes,150257,47cf4f52a6d4548a83acfa4d9faba67316ca8045d066ee10383e007396b07243
intro-video/captions.vtt,Original video script,Original project text,English captions,Timed caption file,644,2a4282776d414e1962e18d1442656f59798f60fd41e7e806d045712ef9b2d76f
intro-video/introduction.mp4,Original project script and title cards; ElevenLabs Alice narration,"Original visuals/text; AI-generated narration, not a student recording",Home introduction video,"H.264 720p, AAC audio and British narration; prepared for streaming",467646,b646644eff81d360784d8c7483495abb4934d0cbc23b6976d0ed71f5fa170446
intro-video/poster.jpg,Original first video title card,Original project artwork,Video poster,"1280 x 720 JPEG, quality 88",61943,ca61b8b4922f533166940639ce8e02e5ddcc68889a4d35accb8f663471667044
intro-video/video-text.txt,Original video script,Original project text,Written video text beside player,Plain text,421,0aca1c6da5f8e68a09a475505ddd9000f466797d244e55a2d180f85ee5d4edf3
licences/lucide.txt,https://github.com/lucide-icons/lucide/blob/main/LICENSE,Retain full notice,Attribution,Unchanged,3208,b495047bd93a9b06913511076f504daba17d5bbeb3e0650f3bb53a4220329c57
licences/photos.json,Wikimedia Commons file pages listed in this file,Photo credits and individual Creative Commons licences,Image source and copyright records,"Recorded author, source, licence and changes",2184,2bf60d322ef352e37a5909f5fc7aeac7cfdf551614bda982c302bbb40e724cdf
licences/photos.txt,Wikimedia Commons file pages listed in this file,Photo credits and individual Creative Commons licences,Image source and copyright records,"Recorded author, source, licence and changes",2161,a3a5aa214802d3616d848cb3123d8708b7754423ec03053ce77b04f6dc0a78ab
written-content/classic-tracks.json,Official artist YouTube uploads and song sources in assets/written-content/classic-tracks.json,Copyright retained by the music/video rights holders. External players and links only.,70s listening choices and songwriter credits,"Checked artist, year and official upload; kept recordings external",2690,b5d4913fd5f88307c135d641b69990fd4d43433fc5b6eb0df7ba4c017ba4a84f
written-content/page-copy.json,Original wording based on the linked artist sources in this file,Original project text; facts attributed to sources,Artist introductions and listening notes,Stored with source links,5831,03c4a9077635b94c7b50a934e767aeae887b91dc22f96ca584063818225fdadf
